image_path,image_file,vegetation_ratio,canopy_x1,canopy_y1,canopy_x2,canopy_y2,canopy_width,canopy_height,canopy_area_frac,center_x1,center_y1,center_x2,center_y2,center_width,center_height,center_area_frac,highveg_x1,highveg_y1,highveg_x2,highveg_y2,highveg_width,highveg_height,highveg_area_frac
train/ID1011485656.jpg,ID1011485656.jpg,0.3709045,0,0,1827,1000,1827,1000,0.9135,500,0,1500,1000,1000,1000,0.5,996,0,1996,1000,1000,1000,0.5
train/ID1012260530.jpg,ID1012260530.jpg,0.2690775,183,0,1556,1000,1373,1000,0.6865,500,0,1500,1000,1000,1000,0.5,498,0,1498,1000,1000,1000,0.5
train/ID1025234388.jpg,ID1025234388.jpg,0.1997055,143,207,1260,1000,1117,793,0.4428905,500,0,1500,1000,1000,1000,0.5,498,0,1498,1000,1000,1000,0.5
train/ID1028611175.jpg,ID1028611175.jpg,0.382628,327,0,1579,743,1252,743,0.465118,500,0,1500,1000,1000,1000,0.5,498,0,1498,1000,1000,1000,0.5
train/ID1035947949.jpg,ID1035947949.jpg,0.3318,1323,0,2000,709,677,709,0.2399965,500,0,1500,1000,1000,1000,0.5,996,0,1996,1000,1000,1000,0.5
train/ID1036339023.jpg,ID1036339023.jpg,0.3839595,0,0,937,1000,937,1000,0.4685,500,0,1500,1000,1000,1000,0.5,0,0,1000,1000,1000,1000,0.5
train/ID1049634115.jpg,ID1049634115.jpg,0.387307,0,0,1096,1000,1096,1000,0.548,500,0,1500,1000,1000,1000,0.5,332,0,1332,1000,1000,1000,0.5
train/ID1051144034.jpg,ID1051144034.jpg,0.3804165,777,482,1422,1000,645,518,0.167055,500,0,1500,1000,1000,1000,0.5,332,0,1332,1000,1000,1000,0.5
train/ID1052620238.jpg,ID1052620238.jpg,0.3690455,709,0,1988,1000,1279,1000,0.6395,500,0,1500,1000,1000,1000,0.5,664,0,1664,1000,1000,1000,0.5
train/ID105271783.jpg,ID105271783.jpg,0.38453,1016,0,2000,805,984,805,0.39606,500,0,1500,1000,1000,1000,0.5,332,0,1332,1000,1000,1000,0.5
train/ID1053972079.jpg,ID1053972079.jpg,0.3820265,0,0,1711,514,1711,514,0.439727,500,0,1500,1000,1000,1000,0.5,996,0,1996,1000,1000,1000,0.5
train/ID1058383417.jpg,ID1058383417.jpg,0.3576795,1508,245,2000,1000,492,755,0.18573,500,0,1500,1000,1000,1000,0.5,0,0,1000,1000,1000,1000,0.5
train/ID1062837331.jpg,ID1062837331.jpg,0.375963,216,211,1418,1000,1202,789,0.474189,500,0,1500,1000,1000,1000,0.5,0,0,1000,1000,1000,1000,0.5
train/ID1070112260.jpg,ID1070112260.jpg,0.3840095,703,0,2000,1000,1297,1000,0.6485,500,0,1500,1000,1000,1000,0.5,996,0,1996,1000,1000,1000,0.5
train/ID1078930021.jpg,ID1078930021.jpg,0.382916,510,0,1522,1000,1012,1000,0.506,500,0,1500,1000,1000,1000,0.5,332,0,1332,1000,1000,1000,0.5
train/ID1084819986.jpg,ID1084819986.jpg,0.3780395,395,0,1596,1000,1201,1000,0.6005,500,0,1500,1000,1000,1000,0.5,498,0,1498,1000,1000,1000,0.5
train/ID1088965591.jpg,ID1088965591.jpg,0.3830375,0,134,655,1000,655,866,0.283615,500,0,1500,1000,1000,1000,0.5,996,0,1996,1000,1000,1000,0.5
train/ID1098771283.jpg,ID1098771283.jpg,0.2428355,652,137,1350,745,698,608,0.212192,500,0,1500,1000,1000,1000,0.5,830,0,1830,1000,1000,1000,0.5
train/ID1103883611.jpg,ID1103883611.jpg,0.359755,137,0,2000,1000,1863,1000,0.9315,500,0,1500,1000,1000,1000,0.5,664,0,1664,1000,1000,1000,0.5
train/ID1108283583.jpg,ID1108283583.jpg,0.386882,0,0,809,743,809,743,0.3005435,500,0,1500,1000,1000,1000,0.5,830,0,1830,1000,1000,1000,0.5
train/ID1113121340.jpg,ID1113121340.jpg,0.38645,0,0,1510,1000,1510,1000,0.755,500,0,1500,1000,1000,1000,0.5,0,0,1000,1000,1000,1000,0.5
train/ID1113329413.jpg,ID1113329413.jpg,0.3774315,398,0,1089,1000,691,1000,0.3455,500,0,1500,1000,1000,1000,0.5,498,0,1498,1000,1000,1000,0.5
train/ID1119739385.jpg,ID1119739385.jpg,0.1334555,636,372,1155,993,519,621,0.1611495,500,0,1500,1000,1000,1000,0.5,664,0,1664,1000,1000,1000,0.5
train/ID1119761112.jpg,ID1119761112.jpg,0.345614,0,0,1159,1000,1159,1000,0.5795,500,0,1500,1000,1000,1000,0.5,0,0,1000,1000,1000,1000,0.5
train/ID1121692672.jpg,ID1121692672.jpg,0.370879,0,0,2000,1000,2000,1000,1.0,500,0,1500,1000,1000,1000,0.5,996,0,1996,1000,1000,1000,0.5
train/ID1127246618.jpg,ID1127246618.jpg,0.3872005,0,0,1996,1000,1996,1000,0.998,500,0,1500,1000,1000,1000,0.5,0,0,1000,1000,1000,1000,0.5
train/ID112966473.jpg,ID112966473.jpg,0.389079,224,0,1799,1000,1575,1000,0.7875,500,0,1500,1000,1000,1000,0.5,498,0,1498,1000,1000,1000,0.5
train/ID1131079710.jpg,ID1131079710.jpg,0.373816,622,0,2000,1000,1378,1000,0.689,500,0,1500,1000,1000,1000,0.5,830,0,1830,1000,1000,1000,0.5
train/ID1136169672.jpg,ID1136169672.jpg,0.3670805,0,0,2000,1000,2000,1000,1.0,500,0,1500,1000,1000,1000,0.5,996,0,1996,1000,1000,1000,0.5
train/ID1139866256.jpg,ID1139866256.jpg,0.3801695,821,0,2000,1000,1179,1000,0.5895,500,0,1500,1000,1000,1000,0.5,996,0,1996,1000,1000,1000,0.5
train/ID1139918758.jpg,ID1139918758.jpg,0.377832,0,0,773,963,773,963,0.3721995,500,0,1500,1000,1000,1000,0.5,996,0,1996,1000,1000,1000,0.5
train/ID1140993511.jpg,ID1140993511.jpg,0.3925105,590,0,1851,710,1261,710,0.447655,500,0,1500,1000,1000,1000,0.5,996,0,1996,1000,1000,1000,0.5
train/ID1148528732.jpg,ID1148528732.jpg,0.3929925,0,0,733,1000,733,1000,0.3665,500,0,1500,1000,1000,1000,0.5,0,0,1000,1000,1000,1000,0.5
train/ID1148666289.jpg,ID1148666289.jpg,0.3789365,552,305,1396,1000,844,695,0.29329,500,0,1500,1000,1000,1000,0.5,830,0,1830,1000,1000,1000,0.5
train/ID1149598723.jpg,ID1149598723.jpg,0.3777435,1205,0,2000,1000,795,1000,0.3975,500,0,1500,1000,1000,1000,0.5,830,0,1830,1000,1000,1000,0.5
train/ID1159071020.jpg,ID1159071020.jpg,0.378727,1373,75,2000,1000,627,925,0.2899875,500,0,1500,1000,1000,1000,0.5,996,0,1996,1000,1000,1000,0.5
train/ID1163061745.jpg,ID1163061745.jpg,0.290004,442,0,1821,613,1379,613,0.4226635,500,0,1500,1000,1000,1000,0.5,664,0,1664,1000,1000,1000,0.5
train/ID1168534540.jpg,ID1168534540.jpg,0.386229,261,0,2000,1000,1739,1000,0.8695,500,0,1500,1000,1000,1000,0.5,498,0,1498,1000,1000,1000,0.5
train/ID1176292407.jpg,ID1176292407.jpg,0.359557,0,66,1063,1000,1063,934,0.496421,500,0,1500,1000,1000,1000,0.5,0,0,1000,1000,1000,1000,0.5
train/ID1182523622.jpg,ID1182523622.jpg,0.1919485,23,0,484,710,461,710,0.163655,500,0,1500,1000,1000,1000,0.5,0,0,1000,1000,1000,1000,0.5
train/ID1183807388.jpg,ID1183807388.jpg,0.374816,0,0,1237,1000,1237,1000,0.6185,500,0,1500,1000,1000,1000,0.5,0,0,1000,1000,1000,1000,0.5
train/ID1193692654.jpg,ID1193692654.jpg,0.3788255,967,0,2000,1000,1033,1000,0.5165,500,0,1500,1000,1000,1000,0.5,996,0,1996,1000,1000,1000,0.5
train/ID1199150612.jpg,ID1199150612.jpg,0.3615285,562,0,1773,1000,1211,1000,0.6055,500,0,1500,1000,1000,1000,0.5,498,0,1498,1000,1000,1000,0.5
train/ID1208644039.jpg,ID1208644039.jpg,0.384978,0,0,1473,1000,1473,1000,0.7365,500,0,1500,1000,1000,1000,0.5,166,0,1166,1000,1000,1000,0.5
train/ID1211362607.jpg,ID1211362607.jpg,0.3654635,0,0,1770,1000,1770,1000,0.885,500,0,1500,1000,1000,1000,0.5,332,0,1332,1000,1000,1000,0.5
train/ID121331988.jpg,ID121331988.jpg,0.385651,0,0,2000,1000,2000,1000,1.0,500,0,1500,1000,1000,1000,0.5,996,0,1996,1000,1000,1000,0.5
train/ID1215977190.jpg,ID1215977190.jpg,0.3876015,0,0,1322,1000,1322,1000,0.661,500,0,1500,1000,1000,1000,0.5,0,0,1000,1000,1000,1000,0.5
train/ID1217108125.jpg,ID1217108125.jpg,0.3378765,106,74,1570,928,1464,854,0.625128,500,0,1500,1000,1000,1000,0.5,332,0,1332,1000,1000,1000,0.5
train/ID1237349078.jpg,ID1237349078.jpg,0.1647065,551,0,1672,1000,1121,1000,0.5605,500,0,1500,1000,1000,1000,0.5,664,0,1664,1000,1000,1000,0.5
train/ID12390962.jpg,ID12390962.jpg,0.310352,1316,0,2000,904,684,904,0.309168,500,0,1500,1000,1000,1000,0.5,996,0,1996,1000,1000,1000,0.5
train/ID1244346858.jpg,ID1244346858.jpg,0.3561875,0,0,2000,1000,2000,1000,1.0,500,0,1500,1000,1000,1000,0.5,996,0,1996,1000,1000,1000,0.5
train/ID1249094008.jpg,ID1249094008.jpg,0.374893,0,0,1299,1000,1299,1000,0.6495,500,0,1500,1000,1000,1000,0.5,0,0,1000,1000,1000,1000,0.5
train/ID1251029854.jpg,ID1251029854.jpg,0.360646,1,0,2000,1000,1999,1000,0.9995,500,0,1500,1000,1000,1000,0.5,996,0,1996,1000,1000,1000,0.5
train/ID1254829053.jpg,ID1254829053.jpg,0.378095,1111,0,2000,1000,889,1000,0.4445,500,0,1500,1000,1000,1000,0.5,830,0,1830,1000,1000,1000,0.5
train/ID1268934251.jpg,ID1268934251.jpg,0.193443,0,0,727,601,727,601,0.2184635,500,0,1500,1000,1000,1000,0.5,166,0,1166,1000,1000,1000,0.5
train/ID1275072698.jpg,ID1275072698.jpg,0.3789295,413,0,2000,1000,1587,1000,0.7935,500,0,1500,1000,1000,1000,0.5,996,0,1996,1000,1000,1000,0.5
train/ID1277756619.jpg,ID1277756619.jpg,0.201196,887,0,1815,853,928,853,0.395792,500,0,1500,1000,1000,1000,0.5,664,0,1664,1000,1000,1000,0.5
train/ID1291116815.jpg,ID1291116815.jpg,0.3832645,460,0,1795,1000,1335,1000,0.6675,500,0,1500,1000,1000,1000,0.5,498,0,1498,1000,1000,1000,0.5
train/ID1294770420.jpg,ID1294770420.jpg,0.3379105,0,303,874,1000,874,697,0.304589,500,0,1500,1000,1000,1000,0.5,0,0,1000,1000,1000,1000,0.5
train/ID1314135397.jpg,ID1314135397.jpg,0.3845405,1034,0,2000,1000,966,1000,0.483,500,0,1500,1000,1000,1000,0.5,996,0,1996,1000,1000,1000,0.5
train/ID13162390.jpg,ID13162390.jpg,0.391756,0,0,616,921,616,921,0.283668,500,0,1500,1000,1000,1000,0.5,166,0,1166,1000,1000,1000,0.5
train/ID1337107565.jpg,ID1337107565.jpg,0.053865,1553,219,2000,771,447,552,0.123372,500,0,1500,1000,1000,1000,0.5,996,0,1996,1000,1000,1000,0.5
train/ID1343327476.jpg,ID1343327476.jpg,0.3845925,0,0,1254,1000,1254,1000,0.627,500,0,1500,1000,1000,1000,0.5,0,0,1000,1000,1000,1000,0.5
train/ID1345375788.jpg,ID1345375788.jpg,0.383764,0,0,1357,1000,1357,1000,0.6785,500,0,1500,1000,1000,1000,0.5,166,0,1166,1000,1000,1000,0.5
train/ID135365668.jpg,ID135365668.jpg,0.3831145,0,0,677,856,677,856,0.289756,500,0,1500,1000,1000,1000,0.5,0,0,1000,1000,1000,1000,0.5
train/ID1354190372.jpg,ID1354190372.jpg,0.380508,1132,0,2000,921,868,921,0.399714,500,0,1500,1000,1000,1000,0.5,664,0,1664,1000,1000,1000,0.5
train/ID1357758282.jpg,ID1357758282.jpg,0.371295,0,0,1935,1000,1935,1000,0.9675,500,0,1500,1000,1000,1000,0.5,332,0,1332,1000,1000,1000,0.5
train/ID1357768767.jpg,ID1357768767.jpg,0.3727905,0,0,1138,1000,1138,1000,0.569,500,0,1500,1000,1000,1000,0.5,996,0,1996,1000,1000,1000,0.5
train/ID1370004842.jpg,ID1370004842.jpg,0.33645,0,0,2000,1000,2000,1000,1.0,500,0,1500,1000,1000,1000,0.5,664,0,1664,1000,1000,1000,0.5
train/ID1374789439.jpg,ID1374789439.jpg,0.386342,0,71,1091,1000,1091,929,0.5067695,500,0,1500,1000,1000,1000,0.5,0,0,1000,1000,1000,1000,0.5
train/ID1385921939.jpg,ID1385921939.jpg,0.3817135,212,0,2000,1000,1788,1000,0.894,500,0,1500,1000,1000,1000,0.5,664,0,1664,1000,1000,1000,0.5
train/ID1386202352.jpg,ID1386202352.jpg,0.3838085,495,14,2000,1000,1505,986,0.741965,500,0,1500,1000,1000,1000,0.5,996,0,1996,1000,1000,1000,0.5
train/ID1395011773.jpg,ID1395011773.jpg,0.218311,434,79,909,594,475,515,0.1223125,500,0,1500,1000,1000,1000,0.5,0,0,1000,1000,1000,1000,0.5
train/ID1403078396.jpg,ID1403078396.jpg,0.2630935,607,0,1065,824,458,824,0.188696,500,0,1500,1000,1000,1000,0.5,166,0,1166,1000,1000,1000,0.5
train/ID1403107574.jpg,ID1403107574.jpg,0.348358,0,0,1492,1000,1492,1000,0.746,500,0,1500,1000,1000,1000,0.5,996,0,1996,1000,1000,1000,0.5
train/ID1411613934.jpg,ID1411613934.jpg,0.2571865,481,0,1132,531,651,531,0.1728405,500,0,1500,1000,1000,1000,0.5,0,0,1000,1000,1000,1000,0.5
train/ID141370843.jpg,ID141370843.jpg,0.388385,0,0,1046,1000,1046,1000,0.523,500,0,1500,1000,1000,1000,0.5,166,0,1166,1000,1000,1000,0.5
train/ID1413758094.jpg,ID1413758094.jpg,0.3366945,878,0,2000,1000,1122,1000,0.561,500,0,1500,1000,1000,1000,0.5,996,0,1996,1000,1000,1000,0.5
train/ID1414371018.jpg,ID1414371018.jpg,0.3851285,0,0,1056,980,1056,980,0.51744,500,0,1500,1000,1000,1000,0.5,0,0,1000,1000,1000,1000,0.5
train/ID1415329644.jpg,ID1415329644.jpg,0.3687315,0,314,579,1000,579,686,0.198597,500,0,1500,1000,1000,1000,0.5,0,0,1000,1000,1000,1000,0.5
train/ID1421714468.jpg,ID1421714468.jpg,0.384584,0,0,1345,1000,1345,1000,0.6725,500,0,1500,1000,1000,1000,0.5,166,0,1166,1000,1000,1000,0.5
train/ID142751858.jpg,ID142751858.jpg,0.3786865,822,0,1605,769,783,769,0.3010635,500,0,1500,1000,1000,1000,0.5,166,0,1166,1000,1000,1000,0.5
train/ID1428837636.jpg,ID1428837636.jpg,0.371545,6,0,1379,846,1373,846,0.580779,500,0,1500,1000,1000,1000,0.5,498,0,1498,1000,1000,1000,0.5
train/ID1437386574.jpg,ID1437386574.jpg,0.3826045,0,408,820,1000,820,592,0.24272,500,0,1500,1000,1000,1000,0.5,0,0,1000,1000,1000,1000,0.5
train/ID1444674500.jpg,ID1444674500.jpg,0.0488315,1727,286,1888,515,161,229,0.0184345,500,0,1500,1000,1000,1000,0.5,996,0,1996,1000,1000,1000,0.5
train/ID1450399782.jpg,ID1450399782.jpg,0.3842755,243,0,2000,1000,1757,1000,0.8785,500,0,1500,1000,1000,1000,0.5,830,0,1830,1000,1000,1000,0.5
train/ID1451025862.jpg,ID1451025862.jpg,0.367561,875,0,2000,1000,1125,1000,0.5625,500,0,1500,1000,1000,1000,0.5,996,0,1996,1000,1000,1000,0.5
train/ID1456861072.jpg,ID1456861072.jpg,0.0302635,998,315,1279,738,281,423,0.0594315,500,0,1500,1000,1000,1000,0.5,498,0,1498,1000,1000,1000,0.5
train/ID1457700382.jpg,ID1457700382.jpg,0.3806965,472,0,1907,709,1435,709,0.5087075,500,0,1500,1000,1000,1000,0.5,166,0,1166,1000,1000,1000,0.5
train/ID1458758610.jpg,ID1458758610.jpg,0.3418745,0,0,2000,1000,2000,1000,1.0,500,0,1500,1000,1000,1000,0.5,996,0,1996,1000,1000,1000,0.5
train/ID1463690813.jpg,ID1463690813.jpg,0.38177,1030,0,2000,1000,970,1000,0.485,500,0,1500,1000,1000,1000,0.5,0,0,1000,1000,1000,1000,0.5
train/ID146920896.jpg,ID146920896.jpg,0.1675355,650,0,1578,891,928,891,0.413424,500,0,1500,1000,1000,1000,0.5,664,0,1664,1000,1000,1000,0.5
train/ID1471216911.jpg,ID1471216911.jpg,0.375721,525,0,2000,1000,1475,1000,0.7375,500,0,1500,1000,1000,1000,0.5,664,0,1664,1000,1000,1000,0.5
train/ID1472525822.jpg,ID1472525822.jpg,0.3852785,99,0,2000,1000,1901,1000,0.9505,500,0,1500,1000,1000,1000,0.5,332,0,1332,1000,1000,1000,0.5
train/ID1473228876.jpg,ID1473228876.jpg,0.3845045,69,0,875,1000,806,1000,0.403,500,0,1500,1000,1000,1000,0.5,332,0,1332,1000,1000,1000,0.5
train/ID1474775613.jpg,ID1474775613.jpg,0.384728,406,0,2000,992,1594,992,0.790624,500,0,1500,1000,1000,1000,0.5,996,0,1996,1000,1000,1000,0.5
train/ID147528735.jpg,ID147528735.jpg,0.379661,447,0,1346,976,899,976,0.438712,500,0,1500,1000,1000,1000,0.5,0,0,1000,1000,1000,1000,0.5
train/ID1476045099.jpg,ID1476045099.jpg,0.388433,0,281,1054,1000,1054,719,0.378913,500,0,1500,1000,1000,1000,0.5,498,0,1498,1000,1000,1000,0.5
train/ID1477176296.jpg,ID1477176296.jpg,0.3879305,268,0,1717,1000,1449,1000,0.7245,500,0,1500,1000,1000,1000,0.5,498,0,1498,1000,1000,1000,0.5
train/ID1488408526.jpg,ID1488408526.jpg,0.3087065,543,0,1759,767,1216,767,0.466336,500,0,1500,1000,1000,1000,0.5,166,0,1166,1000,1000,1000,0.5
train/ID1496750796.jpg,ID1496750796.jpg,0.39213,0,342,562,1000,562,658,0.184898,500,0,1500,1000,1000,1000,0.5,830,0,1830,1000,1000,1000,0.5
train/ID1498398599.jpg,ID1498398599.jpg,0.195481,591,81,1191,536,600,455,0.1365,500,0,1500,1000,1000,1000,0.5,332,0,1332,1000,1000,1000,0.5
train/ID1509266870.jpg,ID1509266870.jpg,0.3939215,0,0,1293,827,1293,827,0.5346555,500,0,1500,1000,1000,1000,0.5,166,0,1166,1000,1000,1000,0.5
train/ID1510574031.jpg,ID1510574031.jpg,0.30689,703,0,2000,1000,1297,1000,0.6485,500,0,1500,1000,1000,1000,0.5,996,0,1996,1000,1000,1000,0.5
train/ID1512751450.jpg,ID1512751450.jpg,0.3857235,398,0,2000,1000,1602,1000,0.801,500,0,1500,1000,1000,1000,0.5,830,0,1830,1000,1000,1000,0.5
train/ID1513184765.jpg,ID1513184765.jpg,0.274376,1090,669,2000,1000,910,331,0.150605,500,0,1500,1000,1000,1000,0.5,0,0,1000,1000,1000,1000,0.5
train/ID1515990019.jpg,ID1515990019.jpg,0.213417,532,0,1586,841,1054,841,0.443207,500,0,1500,1000,1000,1000,0.5,498,0,1498,1000,1000,1000,0.5
train/ID1516374298.jpg,ID1516374298.jpg,0.137795,1018,311,1488,986,470,675,0.158625,500,0,1500,1000,1000,1000,0.5,996,0,1996,1000,1000,1000,0.5
train/ID152157478.jpg,ID152157478.jpg,0.375504,0,0,517,542,517,542,0.140107,500,0,1500,1000,1000,1000,0.5,0,0,1000,1000,1000,1000,0.5
train/ID1525817840.jpg,ID1525817840.jpg,0.379628,0,0,871,1000,871,1000,0.4355,500,0,1500,1000,1000,1000,0.5,0,0,1000,1000,1000,1000,0.5
train/ID1540480250.jpg,ID1540480250.jpg,0.375664,0,0,1881,1000,1881,1000,0.9405,500,0,1500,1000,1000,1000,0.5,0,0,1000,1000,1000,1000,0.5
train/ID1545077474.jpg,ID1545077474.jpg,0.054922,0,680,187,946,187,266,0.024871,500,0,1500,1000,1000,1000,0.5,0,0,1000,1000,1000,1000,0.5
train/ID1547945326.jpg,ID1547945326.jpg,0.385489,0,0,845,526,845,526,0.222235,500,0,1500,1000,1000,1000,0.5,996,0,1996,1000,1000,1000,0.5
train/ID1559189397.jpg,ID1559189397.jpg,0.3792625,0,87,1217,1000,1217,913,0.5555605,500,0,1500,1000,1000,1000,0.5,166,0,1166,1000,1000,1000,0.5
train/ID1563418511.jpg,ID1563418511.jpg,0.3827825,0,0,2000,816,2000,816,0.816,500,0,1500,1000,1000,1000,0.5,996,0,1996,1000,1000,1000,0.5
train/ID1570190541.jpg,ID1570190541.jpg,0.3730335,0,43,456,1000,456,957,0.218196,500,0,1500,1000,1000,1000,0.5,996,0,1996,1000,1000,1000,0.5
train/ID1573329652.jpg,ID1573329652.jpg,0.3812325,1502,0,2000,1000,498,1000,0.249,500,0,1500,1000,1000,1000,0.5,996,0,1996,1000,1000,1000,0.5
train/ID1574125908.jpg,ID1574125908.jpg,0.245388,0,268,634,1000,634,732,0.232044,500,0,1500,1000,1000,1000,0.5,0,0,1000,1000,1000,1000,0.5
train/ID157479394.jpg,ID157479394.jpg,0.373042,800,0,2000,1000,1200,1000,0.6,500,0,1500,1000,1000,1000,0.5,996,0,1996,1000,1000,1000,0.5
train/ID1579942839.jpg,ID1579942839.jpg,0.3854225,775,0,1437,1000,662,1000,0.331,500,0,1500,1000,1000,1000,0.5,830,0,1830,1000,1000,1000,0.5
train/ID158170916.jpg,ID158170916.jpg,0.37505,665,0,1533,749,868,749,0.325066,500,0,1500,1000,1000,1000,0.5,664,0,1664,1000,1000,1000,0.5
train/ID1590632667.jpg,ID1590632667.jpg,0.378261,398,0,2000,1000,1602,1000,0.801,500,0,1500,1000,1000,1000,0.5,996,0,1996,1000,1000,1000,0.5
train/ID1618145129.jpg,ID1618145129.jpg,0.3813585,160,0,2000,722,1840,722,0.66424,500,0,1500,1000,1000,1000,0.5,996,0,1996,1000,1000,1000,0.5
train/ID1618597318.jpg,ID1618597318.jpg,0.384336,0,0,2000,1000,2000,1000,1.0,500,0,1500,1000,1000,1000,0.5,498,0,1498,1000,1000,1000,0.5
train/ID1620371305.jpg,ID1620371305.jpg,0.3782235,0,0,865,982,865,982,0.424715,500,0,1500,1000,1000,1000,0.5,0,0,1000,1000,1000,1000,0.5
train/ID162394992.jpg,ID162394992.jpg,0.3820425,0,0,1274,1000,1274,1000,0.637,500,0,1500,1000,1000,1000,0.5,830,0,1830,1000,1000,1000,0.5
train/ID1623964968.jpg,ID1623964968.jpg,0.13911,815,0,1186,289,371,289,0.0536095,500,0,1500,1000,1000,1000,0.5,664,0,1664,1000,1000,1000,0.5
train/ID1624268863.jpg,ID1624268863.jpg,0.379151,751,0,2000,753,1249,753,0.4702485,500,0,1500,1000,1000,1000,0.5,996,0,1996,1000,1000,1000,0.5
train/ID1634731537.jpg,ID1634731537.jpg,0.3666435,452,0,2000,1000,1548,1000,0.774,500,0,1500,1000,1000,1000,0.5,996,0,1996,1000,1000,1000,0.5
train/ID1638922597.jpg,ID1638922597.jpg,0.3428905,769,0,1273,721,504,721,0.181692,500,0,1500,1000,1000,1000,0.5,498,0,1498,1000,1000,1000,0.5
train/ID1645161155.jpg,ID1645161155.jpg,0.38234,0,0,2000,1000,2000,1000,1.0,500,0,1500,1000,1000,1000,0.5,498,0,1498,1000,1000,1000,0.5
train/ID1655778545.jpg,ID1655778545.jpg,0.3791675,0,0,1862,1000,1862,1000,0.931,500,0,1500,1000,1000,1000,0.5,0,0,1000,1000,1000,1000,0.5
train/ID1665142816.jpg,ID1665142816.jpg,0.3861175,1045,0,2000,1000,955,1000,0.4775,500,0,1500,1000,1000,1000,0.5,996,0,1996,1000,1000,1000,0.5
train/ID1667778338.jpg,ID1667778338.jpg,0.387983,0,280,551,1000,551,720,0.19836,500,0,1500,1000,1000,1000,0.5,830,0,1830,1000,1000,1000,0.5
train/ID1671844336.jpg,ID1671844336.jpg,0.3831765,390,0,1600,1000,1210,1000,0.605,500,0,1500,1000,1000,1000,0.5,498,0,1498,1000,1000,1000,0.5
train/ID1675365449.jpg,ID1675365449.jpg,0.3805315,1350,0,2000,1000,650,1000,0.325,500,0,1500,1000,1000,1000,0.5,996,0,1996,1000,1000,1000,0.5
train/ID1680597197.jpg,ID1680597197.jpg,0.374227,713,0,2000,1000,1287,1000,0.6435,500,0,1500,1000,1000,1000,0.5,830,0,1830,1000,1000,1000,0.5
train/ID1692894460.jpg,ID1692894460.jpg,0.3783655,1175,91,2000,1000,825,909,0.3749625,500,0,1500,1000,1000,1000,0.5,996,0,1996,1000,1000,1000,0.5
train/ID1693880739.jpg,ID1693880739.jpg,0.3821165,781,0,1788,1000,1007,1000,0.5035,500,0,1500,1000,1000,1000,0.5,996,0,1996,1000,1000,1000,0.5
train/ID1703304524.jpg,ID1703304524.jpg,0.384329,0,0,1396,1000,1396,1000,0.698,500,0,1500,1000,1000,1000,0.5,166,0,1166,1000,1000,1000,0.5
train/ID1717006117.jpg,ID1717006117.jpg,0.288975,214,0,1323,806,1109,806,0.446927,500,0,1500,1000,1000,1000,0.5,996,0,1996,1000,1000,1000,0.5
train/ID1729002155.jpg,ID1729002155.jpg,0.2981145,1183,0,2000,1000,817,1000,0.4085,500,0,1500,1000,1000,1000,0.5,996,0,1996,1000,1000,1000,0.5
train/ID1746343319.jpg,ID1746343319.jpg,0.086103,1105,51,1381,337,276,286,0.039468,500,0,1500,1000,1000,1000,0.5,332,0,1332,1000,1000,1000,0.5
train/ID1753847361.jpg,ID1753847361.jpg,0.377426,1392,0,2000,678,608,678,0.206112,500,0,1500,1000,1000,1000,0.5,996,0,1996,1000,1000,1000,0.5
train/ID1761544403.jpg,ID1761544403.jpg,0.3718445,0,0,638,1000,638,1000,0.319,500,0,1500,1000,1000,1000,0.5,0,0,1000,1000,1000,1000,0.5
train/ID1781353117.jpg,ID1781353117.jpg,0.3848125,383,0,1541,632,1158,632,0.365928,500,0,1500,1000,1000,1000,0.5,664,0,1664,1000,1000,1000,0.5
train/ID1782509721.jpg,ID1782509721.jpg,0.3091615,843,0,2000,897,1157,897,0.5189145,500,0,1500,1000,1000,1000,0.5,996,0,1996,1000,1000,1000,0.5
train/ID1782608354.jpg,ID1782608354.jpg,0.379642,0,0,1599,1000,1599,1000,0.7995,500,0,1500,1000,1000,1000,0.5,0,0,1000,1000,1000,1000,0.5
train/ID1783499590.jpg,ID1783499590.jpg,0.381944,0,0,1407,1000,1407,1000,0.7035,500,0,1500,1000,1000,1000,0.5,166,0,1166,1000,1000,1000,0.5
train/ID1784585001.jpg,ID1784585001.jpg,0.379737,423,271,1790,1000,1367,729,0.4982715,500,0,1500,1000,1000,1000,0.5,0,0,1000,1000,1000,1000,0.5
train/ID1789265307.jpg,ID1789265307.jpg,0.37481,0,0,1341,840,1341,840,0.56322,500,0,1500,1000,1000,1000,0.5,166,0,1166,1000,1000,1000,0.5
train/ID1789834546.jpg,ID1789834546.jpg,0.272904,221,0,2000,810,1779,810,0.720495,500,0,1500,1000,1000,1000,0.5,498,0,1498,1000,1000,1000,0.5
train/ID1789853061.jpg,ID1789853061.jpg,0.3838235,0,0,648,1000,648,1000,0.324,500,0,1500,1000,1000,1000,0.5,0,0,1000,1000,1000,1000,0.5
train/ID1831254380.jpg,ID1831254380.jpg,0.371488,614,0,1972,1000,1358,1000,0.679,500,0,1500,1000,1000,1000,0.5,664,0,1664,1000,1000,1000,0.5
train/ID1839139621.jpg,ID1839139621.jpg,0.384712,714,0,2000,1000,1286,1000,0.643,500,0,1500,1000,1000,1000,0.5,996,0,1996,1000,1000,1000,0.5
train/ID1853508321.jpg,ID1853508321.jpg,0.378954,0,0,866,1000,866,1000,0.433,500,0,1500,1000,1000,1000,0.5,0,0,1000,1000,1000,1000,0.5
train/ID1857489997.jpg,ID1857489997.jpg,0.3866645,105,0,1208,905,1103,905,0.4991075,500,0,1500,1000,1000,1000,0.5,166,0,1166,1000,1000,1000,0.5
train/ID1859251563.jpg,ID1859251563.jpg,0.3758925,1156,569,2000,1000,844,431,0.181882,500,0,1500,1000,1000,1000,0.5,0,0,1000,1000,1000,1000,0.5
train/ID1859792585.jpg,ID1859792585.jpg,0.372044,0,63,1186,1000,1186,937,0.555641,500,0,1500,1000,1000,1000,0.5,332,0,1332,1000,1000,1000,0.5
train/ID1868719645.jpg,ID1868719645.jpg,0.386126,0,0,1417,1000,1417,1000,0.7085,500,0,1500,1000,1000,1000,0.5,0,0,1000,1000,1000,1000,0.5
train/ID187238869.jpg,ID187238869.jpg,0.380632,0,65,543,1000,543,935,0.2538525,500,0,1500,1000,1000,1000,0.5,0,0,1000,1000,1000,1000,0.5
train/ID1874904894.jpg,ID1874904894.jpg,0.04767,333,95,550,365,217,270,0.029295,500,0,1500,1000,1000,1000,0.5,0,0,1000,1000,1000,1000,0.5
train/ID1876271942.jpg,ID1876271942.jpg,0.382663,0,0,961,1000,961,1000,0.4805,500,0,1500,1000,1000,1000,0.5,166,0,1166,1000,1000,1000,0.5
train/ID1880764911.jpg,ID1880764911.jpg,0.35777,1074,0,2000,1000,926,1000,0.463,500,0,1500,1000,1000,1000,0.5,996,0,1996,1000,1000,1000,0.5
train/ID1888700589.jpg,ID1888700589.jpg,0.367452,0,0,1534,1000,1534,1000,0.767,500,0,1500,1000,1000,1000,0.5,166,0,1166,1000,1000,1000,0.5
train/ID1889150649.jpg,ID1889150649.jpg,0.09952,938,345,1633,761,695,416,0.14456,500,0,1500,1000,1000,1000,0.5,498,0,1498,1000,1000,1000,0.5
train/ID1894998379.jpg,ID1894998379.jpg,0.1797275,0,199,580,515,580,316,0.09164,500,0,1500,1000,1000,1000,0.5,332,0,1332,1000,1000,1000,0.5
train/ID1899025384.jpg,ID1899025384.jpg,0.3801585,0,0,1468,1000,1468,1000,0.734,500,0,1500,1000,1000,1000,0.5,664,0,1664,1000,1000,1000,0.5
train/ID1920959057.jpg,ID1920959057.jpg,0.3964565,0,0,1583,1000,1583,1000,0.7915,500,0,1500,1000,1000,1000,0.5,166,0,1166,1000,1000,1000,0.5
train/ID193102215.jpg,ID193102215.jpg,0.379212,622,0,1566,1000,944,1000,0.472,500,0,1500,1000,1000,1000,0.5,166,0,1166,1000,1000,1000,0.5
train/ID1946311744.jpg,ID1946311744.jpg,0.37782,66,35,799,639,733,604,0.221366,500,0,1500,1000,1000,1000,0.5,0,0,1000,1000,1000,1000,0.5
train/ID194823383.jpg,ID194823383.jpg,0.379022,0,0,1413,1000,1413,1000,0.7065,500,0,1500,1000,1000,1000,0.5,0,0,1000,1000,1000,1000,0.5
train/ID1948354837.jpg,ID1948354837.jpg,0.3828905,735,0,2000,1000,1265,1000,0.6325,500,0,1500,1000,1000,1000,0.5,996,0,1996,1000,1000,1000,0.5
train/ID1952813879.jpg,ID1952813879.jpg,0.3648635,751,0,1710,654,959,654,0.313593,500,0,1500,1000,1000,1000,0.5,166,0,1166,1000,1000,1000,0.5
train/ID1953171547.jpg,ID1953171547.jpg,0.3085125,0,0,1241,1000,1241,1000,0.6205,500,0,1500,1000,1000,1000,0.5,0,0,1000,1000,1000,1000,0.5
train/ID1953218650.jpg,ID1953218650.jpg,0.352095,1225,0,2000,1000,775,1000,0.3875,500,0,1500,1000,1000,1000,0.5,996,0,1996,1000,1000,1000,0.5
train/ID1954669045.jpg,ID1954669045.jpg,0.388895,768,0,2000,1000,1232,1000,0.616,500,0,1500,1000,1000,1000,0.5,996,0,1996,1000,1000,1000,0.5
train/ID1962197151.jpg,ID1962197151.jpg,0.351902,208,0,1904,1000,1696,1000,0.848,500,0,1500,1000,1000,1000,0.5,498,0,1498,1000,1000,1000,0.5
train/ID1962379474.jpg,ID1962379474.jpg,0.343203,938,0,2000,848,1062,848,0.450288,500,0,1500,1000,1000,1000,0.5,996,0,1996,1000,1000,1000,0.5
train/ID1963715583.jpg,ID1963715583.jpg,0.022463,0,643,112,948,112,305,0.01708,500,0,1500,1000,1000,1000,0.5,0,0,1000,1000,1000,1000,0.5
train/ID196516535.jpg,ID196516535.jpg,0.320352,57,0,1042,942,985,942,0.463935,500,0,1500,1000,1000,1000,0.5,0,0,1000,1000,1000,1000,0.5
train/ID1970522802.jpg,ID1970522802.jpg,0.356281,0,0,1897,1000,1897,1000,0.9485,500,0,1500,1000,1000,1000,0.5,664,0,1664,1000,1000,1000,0.5
train/ID1976436386.jpg,ID1976436386.jpg,0.319707,608,0,2000,1000,1392,1000,0.696,500,0,1500,1000,1000,1000,0.5,996,0,1996,1000,1000,1000,0.5
train/ID1980675327.jpg,ID1980675327.jpg,0.348931,0,0,428,954,428,954,0.204156,500,0,1500,1000,1000,1000,0.5,0,0,1000,1000,1000,1000,0.5
train/ID1982662138.jpg,ID1982662138.jpg,0.3766295,0,0,1186,1000,1186,1000,0.593,500,0,1500,1000,1000,1000,0.5,498,0,1498,1000,1000,1000,0.5
train/ID1988033238.jpg,ID1988033238.jpg,0.3783405,419,0,1858,1000,1439,1000,0.7195,500,0,1500,1000,1000,1000,0.5,830,0,1830,1000,1000,1000,0.5
train/ID1989506559.jpg,ID1989506559.jpg,0.381658,0,0,1431,561,1431,561,0.4013955,500,0,1500,1000,1000,1000,0.5,0,0,1000,1000,1000,1000,0.5
train/ID1993907137.jpg,ID1993907137.jpg,0.315202,1436,156,2000,1000,564,844,0.238008,500,0,1500,1000,1000,1000,0.5,996,0,1996,1000,1000,1000,0.5
train/ID1997244125.jpg,ID1997244125.jpg,0.1974535,411,723,996,1000,585,277,0.0810225,500,0,1500,1000,1000,1000,0.5,332,0,1332,1000,1000,1000,0.5
train/ID2002797732.jpg,ID2002797732.jpg,0.3826145,0,0,1136,1000,1136,1000,0.568,500,0,1500,1000,1000,1000,0.5,0,0,1000,1000,1000,1000,0.5
train/ID2003438517.jpg,ID2003438517.jpg,0.394128,0,0,2000,1000,2000,1000,1.0,500,0,1500,1000,1000,1000,0.5,332,0,1332,1000,1000,1000,0.5
train/ID2006686196.jpg,ID2006686196.jpg,0.2529375,1570,326,2000,897,430,571,0.122765,500,0,1500,1000,1000,1000,0.5,996,0,1996,1000,1000,1000,0.5
train/ID2010625680.jpg,ID2010625680.jpg,0.3738195,531,113,1662,1000,1131,887,0.5015985,500,0,1500,1000,1000,1000,0.5,830,0,1830,1000,1000,1000,0.5
train/ID2014192906.jpg,ID2014192906.jpg,0.367085,177,0,901,654,724,654,0.236748,500,0,1500,1000,1000,1000,0.5,996,0,1996,1000,1000,1000,0.5
train/ID2030696575.jpg,ID2030696575.jpg,0.117277,0,429,302,906,302,477,0.072027,500,0,1500,1000,1000,1000,0.5,0,0,1000,1000,1000,1000,0.5
train/ID2037861084.jpg,ID2037861084.jpg,0.3658315,393,55,1570,1000,1177,945,0.5561325,500,0,1500,1000,1000,1000,0.5,664,0,1664,1000,1000,1000,0.5
train/ID2048645043.jpg,ID2048645043.jpg,0.3845665,702,0,1991,1000,1289,1000,0.6445,500,0,1500,1000,1000,1000,0.5,830,0,1830,1000,1000,1000,0.5
train/ID2052442675.jpg,ID2052442675.jpg,0.292882,477,0,1490,1000,1013,1000,0.5065,500,0,1500,1000,1000,1000,0.5,664,0,1664,1000,1000,1000,0.5
train/ID2052993274.jpg,ID2052993274.jpg,0.3819355,0,0,601,1000,601,1000,0.3005,500,0,1500,1000,1000,1000,0.5,0,0,1000,1000,1000,1000,0.5
train/ID2053315094.jpg,ID2053315094.jpg,0.372572,0,0,1686,1000,1686,1000,0.843,500,0,1500,1000,1000,1000,0.5,0,0,1000,1000,1000,1000,0.5
train/ID2056023629.jpg,ID2056023629.jpg,0.3725015,0,0,1789,1000,1789,1000,0.8945,500,0,1500,1000,1000,1000,0.5,332,0,1332,1000,1000,1000,0.5
train/ID2056982009.jpg,ID2056982009.jpg,0.3852665,1286,53,2000,1000,714,947,0.338079,500,0,1500,1000,1000,1000,0.5,0,0,1000,1000,1000,1000,0.5
train/ID2069766023.jpg,ID2069766023.jpg,0.237011,1663,446,2000,770,337,324,0.054594,500,0,1500,1000,1000,1000,0.5,996,0,1996,1000,1000,1000,0.5
train/ID2086966681.jpg,ID2086966681.jpg,0.1491405,186,139,959,629,773,490,0.189385,500,0,1500,1000,1000,1000,0.5,0,0,1000,1000,1000,1000,0.5
train/ID2089023774.jpg,ID2089023774.jpg,0.371017,1267,0,1844,1000,577,1000,0.2885,500,0,1500,1000,1000,1000,0.5,830,0,1830,1000,1000,1000,0.5
train/ID2091439402.jpg,ID2091439402.jpg,0.3800855,80,0,1290,683,1210,683,0.413215,500,0,1500,1000,1000,1000,0.5,166,0,1166,1000,1000,1000,0.5
train/ID2096636211.jpg,ID2096636211.jpg,0.0946955,1248,627,1555,1000,307,373,0.0572555,500,0,1500,1000,1000,1000,0.5,664,0,1664,1000,1000,1000,0.5
train/ID2099464826.jpg,ID2099464826.jpg,0.3809395,0,0,2000,1000,2000,1000,1.0,500,0,1500,1000,1000,1000,0.5,0,0,1000,1000,1000,1000,0.5
train/ID2099742797.jpg,ID2099742797.jpg,0.3949,0,0,1740,1000,1740,1000,0.87,500,0,1500,1000,1000,1000,0.5,166,0,1166,1000,1000,1000,0.5
train/ID210865340.jpg,ID210865340.jpg,0.3770465,0,0,2000,1000,2000,1000,1.0,500,0,1500,1000,1000,1000,0.5,332,0,1332,1000,1000,1000,0.5
train/ID212206250.jpg,ID212206250.jpg,0.2028005,214,0,881,906,667,906,0.302151,500,0,1500,1000,1000,1000,0.5,0,0,1000,1000,1000,1000,0.5
train/ID212206832.jpg,ID212206832.jpg,0.3832135,157,0,2000,1000,1843,1000,0.9215,500,0,1500,1000,1000,1000,0.5,166,0,1166,1000,1000,1000,0.5
train/ID2125100696.jpg,ID2125100696.jpg,0.393897,435,0,1868,1000,1433,1000,0.7165,500,0,1500,1000,1000,1000,0.5,332,0,1332,1000,1000,1000,0.5
train/ID2131261930.jpg,ID2131261930.jpg,0.373641,0,0,1239,1000,1239,1000,0.6195,500,0,1500,1000,1000,1000,0.5,498,0,1498,1000,1000,1000,0.5
train/ID21377800.jpg,ID21377800.jpg,0.360789,121,0,1582,1000,1461,1000,0.7305,500,0,1500,1000,1000,1000,0.5,332,0,1332,1000,1000,1000,0.5
train/ID2145635095.jpg,ID2145635095.jpg,0.379316,0,0,2000,1000,2000,1000,1.0,500,0,1500,1000,1000,1000,0.5,996,0,1996,1000,1000,1000,0.5
train/ID227847873.jpg,ID227847873.jpg,0.383218,1123,387,2000,1000,877,613,0.2688005,500,0,1500,1000,1000,1000,0.5,996,0,1996,1000,1000,1000,0.5
train/ID230058600.jpg,ID230058600.jpg,0.3780355,0,0,2000,1000,2000,1000,1.0,500,0,1500,1000,1000,1000,0.5,996,0,1996,1000,1000,1000,0.5
train/ID249042826.jpg,ID249042826.jpg,0.3672475,0,0,958,731,958,731,0.350149,500,0,1500,1000,1000,1000,0.5,498,0,1498,1000,1000,1000,0.5
train/ID257822026.jpg,ID257822026.jpg,0.366432,0,0,1896,1000,1896,1000,0.948,500,0,1500,1000,1000,1000,0.5,0,0,1000,1000,1000,1000,0.5
train/ID290369222.jpg,ID290369222.jpg,0.3873875,0,0,1608,1000,1608,1000,0.804,500,0,1500,1000,1000,1000,0.5,498,0,1498,1000,1000,1000,0.5
train/ID294150104.jpg,ID294150104.jpg,0.383252,88,0,547,649,459,649,0.1489455,500,0,1500,1000,1000,1000,0.5,664,0,1664,1000,1000,1000,0.5
train/ID307060225.jpg,ID307060225.jpg,0.2816635,1488,9,2000,618,512,609,0.155904,500,0,1500,1000,1000,1000,0.5,996,0,1996,1000,1000,1000,0.5
train/ID315357834.jpg,ID315357834.jpg,0.381719,0,0,1086,801,1086,801,0.434943,500,0,1500,1000,1000,1000,0.5,996,0,1996,1000,1000,1000,0.5
train/ID317990700.jpg,ID317990700.jpg,0.3846885,0,0,1795,1000,1795,1000,0.8975,500,0,1500,1000,1000,1000,0.5,166,0,1166,1000,1000,1000,0.5
train/ID325799913.jpg,ID325799913.jpg,0.062108,675,656,978,915,303,259,0.0392385,500,0,1500,1000,1000,1000,0.5,498,0,1498,1000,1000,1000,0.5
train/ID332742639.jpg,ID332742639.jpg,0.383719,9,139,1321,1000,1312,861,0.564816,500,0,1500,1000,1000,1000,0.5,166,0,1166,1000,1000,1000,0.5
train/ID342818398.jpg,ID342818398.jpg,0.38291,0,299,719,1000,719,701,0.2520095,500,0,1500,1000,1000,1000,0.5,0,0,1000,1000,1000,1000,0.5
train/ID344618040.jpg,ID344618040.jpg,0.36279,204,0,2000,1000,1796,1000,0.898,500,0,1500,1000,1000,1000,0.5,996,0,1996,1000,1000,1000,0.5
train/ID353424190.jpg,ID353424190.jpg,0.2614815,0,0,499,506,499,506,0.126247,500,0,1500,1000,1000,1000,0.5,0,0,1000,1000,1000,1000,0.5
train/ID353997899.jpg,ID353997899.jpg,0.3804565,1061,0,2000,778,939,778,0.365271,500,0,1500,1000,1000,1000,0.5,830,0,1830,1000,1000,1000,0.5
train/ID354528442.jpg,ID354528442.jpg,0.3781325,88,0,1662,916,1574,916,0.720892,500,0,1500,1000,1000,1000,0.5,332,0,1332,1000,1000,1000,0.5
train/ID363069566.jpg,ID363069566.jpg,0.38199,0,0,1467,1000,1467,1000,0.7335,500,0,1500,1000,1000,1000,0.5,0,0,1000,1000,1000,1000,0.5
train/ID364856705.jpg,ID364856705.jpg,0.3855895,0,0,1770,1000,1770,1000,0.885,500,0,1500,1000,1000,1000,0.5,166,0,1166,1000,1000,1000,0.5
train/ID380752847.jpg,ID380752847.jpg,0.380575,0,0,2000,1000,2000,1000,1.0,500,0,1500,1000,1000,1000,0.5,996,0,1996,1000,1000,1000,0.5
train/ID383231615.jpg,ID383231615.jpg,0.379487,1063,0,2000,776,937,776,0.363556,500,0,1500,1000,1000,1000,0.5,0,0,1000,1000,1000,1000,0.5
train/ID384648061.jpg,ID384648061.jpg,0.386297,0,0,1269,1000,1269,1000,0.6345,500,0,1500,1000,1000,1000,0.5,166,0,1166,1000,1000,1000,0.5
train/ID386216505.jpg,ID386216505.jpg,0.377644,1272,522,1787,1000,515,478,0.123085,500,0,1500,1000,1000,1000,0.5,0,0,1000,1000,1000,1000,0.5
train/ID397994621.jpg,ID397994621.jpg,0.3826395,216,0,2000,959,1784,959,0.855428,500,0,1500,1000,1000,1000,0.5,664,0,1664,1000,1000,1000,0.5
train/ID407646960.jpg,ID407646960.jpg,0.3243935,0,0,653,567,653,567,0.1851255,500,0,1500,1000,1000,1000,0.5,0,0,1000,1000,1000,1000,0.5
train/ID40849327.jpg,ID40849327.jpg,0.378924,0,0,727,1000,727,1000,0.3635,500,0,1500,1000,1000,1000,0.5,0,0,1000,1000,1000,1000,0.5
train/ID415656958.jpg,ID415656958.jpg,0.371256,0,0,744,611,744,611,0.227292,500,0,1500,1000,1000,1000,0.5,830,0,1830,1000,1000,1000,0.5
train/ID423506847.jpg,ID423506847.jpg,0.380326,820,0,2000,1000,1180,1000,0.59,500,0,1500,1000,1000,1000,0.5,996,0,1996,1000,1000,1000,0.5
train/ID429799190.jpg,ID429799190.jpg,0.113805,1499,331,1939,621,440,290,0.0638,500,0,1500,1000,1000,1000,0.5,996,0,1996,1000,1000,1000,0.5
train/ID431471530.jpg,ID431471530.jpg,0.3715035,0,0,733,812,733,812,0.297598,500,0,1500,1000,1000,1000,0.5,0,0,1000,1000,1000,1000,0.5
train/ID443091455.jpg,ID443091455.jpg,0.3686025,0,0,1445,726,1445,726,0.524535,500,0,1500,1000,1000,1000,0.5,498,0,1498,1000,1000,1000,0.5
train/ID4464212.jpg,ID4464212.jpg,0.388239,0,0,1911,1000,1911,1000,0.9555,500,0,1500,1000,1000,1000,0.5,996,0,1996,1000,1000,1000,0.5
train/ID471758347.jpg,ID471758347.jpg,0.391043,236,0,1509,1000,1273,1000,0.6365,500,0,1500,1000,1000,1000,0.5,498,0,1498,1000,1000,1000,0.5
train/ID473494649.jpg,ID473494649.jpg,0.3002935,534,110,1935,970,1401,860,0.60243,500,0,1500,1000,1000,1000,0.5,664,0,1664,1000,1000,1000,0.5
train/ID475010202.jpg,ID475010202.jpg,0.3806815,1292,125,2000,936,708,811,0.287094,500,0,1500,1000,1000,1000,0.5,166,0,1166,1000,1000,1000,0.5
train/ID482555369.jpg,ID482555369.jpg,0.151057,641,0,1272,810,631,810,0.255555,500,0,1500,1000,1000,1000,0.5,664,0,1664,1000,1000,1000,0.5
train/ID48303557.jpg,ID48303557.jpg,0.390548,96,0,2000,1000,1904,1000,0.952,500,0,1500,1000,1000,1000,0.5,664,0,1664,1000,1000,1000,0.5
train/ID488873801.jpg,ID488873801.jpg,0.356688,0,0,776,772,776,772,0.299536,500,0,1500,1000,1000,1000,0.5,0,0,1000,1000,1000,1000,0.5
train/ID490139972.jpg,ID490139972.jpg,0.382837,856,0,2000,1000,1144,1000,0.572,500,0,1500,1000,1000,1000,0.5,996,0,1996,1000,1000,1000,0.5
train/ID498304885.jpg,ID498304885.jpg,0.377702,0,0,979,1000,979,1000,0.4895,500,0,1500,1000,1000,1000,0.5,996,0,1996,1000,1000,1000,0.5
train/ID50027657.jpg,ID50027657.jpg,0.389295,1182,0,2000,905,818,905,0.370145,500,0,1500,1000,1000,1000,0.5,996,0,1996,1000,1000,1000,0.5
train/ID520514019.jpg,ID520514019.jpg,0.392467,0,0,1937,1000,1937,1000,0.9685,500,0,1500,1000,1000,1000,0.5,664,0,1664,1000,1000,1000,0.5
train/ID528010569.jpg,ID528010569.jpg,0.3851025,595,0,1512,1000,917,1000,0.4585,500,0,1500,1000,1000,1000,0.5,332,0,1332,1000,1000,1000,0.5
train/ID529933668.jpg,ID529933668.jpg,0.386019,888,0,2000,1000,1112,1000,0.556,500,0,1500,1000,1000,1000,0.5,996,0,1996,1000,1000,1000,0.5
train/ID534966093.jpg,ID534966093.jpg,0.391501,205,0,1867,1000,1662,1000,0.831,500,0,1500,1000,1000,1000,0.5,166,0,1166,1000,1000,1000,0.5
train/ID54128926.jpg,ID54128926.jpg,0.377214,0,0,1493,1000,1493,1000,0.7465,500,0,1500,1000,1000,1000,0.5,332,0,1332,1000,1000,1000,0.5
train/ID544444725.jpg,ID544444725.jpg,0.3805165,0,0,2000,1000,2000,1000,1.0,500,0,1500,1000,1000,1000,0.5,996,0,1996,1000,1000,1000,0.5
train/ID545360459.jpg,ID545360459.jpg,0.3800875,0,0,1298,1000,1298,1000,0.649,500,0,1500,1000,1000,1000,0.5,0,0,1000,1000,1000,1000,0.5
train/ID550623196.jpg,ID550623196.jpg,0.376439,127,0,1085,857,958,857,0.410503,500,0,1500,1000,1000,1000,0.5,166,0,1166,1000,1000,1000,0.5
train/ID552040066.jpg,ID552040066.jpg,0.2823975,533,0,2000,1000,1467,1000,0.7335,500,0,1500,1000,1000,1000,0.5,830,0,1830,1000,1000,1000,0.5
train/ID554314721.jpg,ID554314721.jpg,0.3779945,325,0,2000,1000,1675,1000,0.8375,500,0,1500,1000,1000,1000,0.5,996,0,1996,1000,1000,1000,0.5
train/ID560946727.jpg,ID560946727.jpg,0.387628,250,0,2000,1000,1750,1000,0.875,500,0,1500,1000,1000,1000,0.5,664,0,1664,1000,1000,1000,0.5
train/ID566966892.jpg,ID566966892.jpg,0.384578,801,225,2000,1000,1199,775,0.4646125,500,0,1500,1000,1000,1000,0.5,996,0,1996,1000,1000,1000,0.5
train/ID567744300.jpg,ID567744300.jpg,0.380023,190,0,1391,989,1201,989,0.5938945,500,0,1500,1000,1000,1000,0.5,830,0,1830,1000,1000,1000,0.5
train/ID572336285.jpg,ID572336285.jpg,0.366896,440,0,1702,1000,1262,1000,0.631,500,0,1500,1000,1000,1000,0.5,664,0,1664,1000,1000,1000,0.5
train/ID574213894.jpg,ID574213894.jpg,0.3626275,0,87,1123,1000,1123,913,0.5126495,500,0,1500,1000,1000,1000,0.5,0,0,1000,1000,1000,1000,0.5
train/ID576137678.jpg,ID576137678.jpg,0.32819,0,0,1743,1000,1743,1000,0.8715,500,0,1500,1000,1000,1000,0.5,332,0,1332,1000,1000,1000,0.5
train/ID576621307.jpg,ID576621307.jpg,0.380196,0,0,1631,919,1631,919,0.7494445,500,0,1500,1000,1000,1000,0.5,332,0,1332,1000,1000,1000,0.5
train/ID577112774.jpg,ID577112774.jpg,0.2832625,832,0,1371,724,539,724,0.195118,500,0,1500,1000,1000,1000,0.5,332,0,1332,1000,1000,1000,0.5
train/ID587125778.jpg,ID587125778.jpg,0.2061755,612,95,880,609,268,514,0.068876,500,0,1500,1000,1000,1000,0.5,332,0,1332,1000,1000,1000,0.5
train/ID588120964.jpg,ID588120964.jpg,0.375841,0,0,1905,1000,1905,1000,0.9525,500,0,1500,1000,1000,1000,0.5,166,0,1166,1000,1000,1000,0.5
train/ID600602588.jpg,ID600602588.jpg,0.39177,0,0,1022,1000,1022,1000,0.511,500,0,1500,1000,1000,1000,0.5,0,0,1000,1000,1000,1000,0.5
train/ID605134229.jpg,ID605134229.jpg,0.3735245,377,0,1247,1000,870,1000,0.435,500,0,1500,1000,1000,1000,0.5,498,0,1498,1000,1000,1000,0.5
train/ID610397481.jpg,ID610397481.jpg,0.378983,0,0,1005,934,1005,934,0.469335,500,0,1500,1000,1000,1000,0.5,332,0,1332,1000,1000,1000,0.5
train/ID617132135.jpg,ID617132135.jpg,0.2752215,1221,0,2000,1000,779,1000,0.3895,500,0,1500,1000,1000,1000,0.5,996,0,1996,1000,1000,1000,0.5
train/ID61833032.jpg,ID61833032.jpg,0.3750205,1060,0,1984,965,924,965,0.44583,500,0,1500,1000,1000,1000,0.5,664,0,1664,1000,1000,1000,0.5
train/ID6269659.jpg,ID6269659.jpg,0.3758425,695,0,1629,574,934,574,0.268058,500,0,1500,1000,1000,1000,0.5,498,0,1498,1000,1000,1000,0.5
train/ID629980789.jpg,ID629980789.jpg,0.383818,440,189,1308,1000,868,811,0.351974,500,0,1500,1000,1000,1000,0.5,0,0,1000,1000,1000,1000,0.5
train/ID633775166.jpg,ID633775166.jpg,0.1499055,1083,0,1526,377,443,377,0.0835055,500,0,1500,1000,1000,1000,0.5,498,0,1498,1000,1000,1000,0.5
train/ID638711343.jpg,ID638711343.jpg,0.380314,1278,96,2000,1000,722,904,0.326344,500,0,1500,1000,1000,1000,0.5,996,0,1996,1000,1000,1000,0.5
train/ID656251220.jpg,ID656251220.jpg,0.38027,0,301,2000,1000,2000,699,0.699,500,0,1500,1000,1000,1000,0.5,166,0,1166,1000,1000,1000,0.5
train/ID657448172.jpg,ID657448172.jpg,0.118708,592,76,1355,539,763,463,0.1766345,500,0,1500,1000,1000,1000,0.5,332,0,1332,1000,1000,1000,0.5
train/ID661372352.jpg,ID661372352.jpg,0.2301375,314,366,843,1000,529,634,0.167693,500,0,1500,1000,1000,1000,0.5,0,0,1000,1000,1000,1000,0.5
train/ID661817669.jpg,ID661817669.jpg,0.3894875,0,0,989,1000,989,1000,0.4945,500,0,1500,1000,1000,1000,0.5,0,0,1000,1000,1000,1000,0.5
train/ID663006174.jpg,ID663006174.jpg,0.3798625,0,0,1413,799,1413,799,0.5644935,500,0,1500,1000,1000,1000,0.5,166,0,1166,1000,1000,1000,0.5
train/ID667059550.jpg,ID667059550.jpg,0.3881115,678,0,2000,1000,1322,1000,0.661,500,0,1500,1000,1000,1000,0.5,996,0,1996,1000,1000,1000,0.5
train/ID668330410.jpg,ID668330410.jpg,0.386167,82,0,2000,904,1918,904,0.866936,500,0,1500,1000,1000,1000,0.5,996,0,1996,1000,1000,1000,0.5
train/ID668475812.jpg,ID668475812.jpg,0.3782795,0,0,608,1000,608,1000,0.304,500,0,1500,1000,1000,1000,0.5,0,0,1000,1000,1000,1000,0.5
train/ID670276799.jpg,ID670276799.jpg,0.3832945,826,0,1973,1000,1147,1000,0.5735,500,0,1500,1000,1000,1000,0.5,664,0,1664,1000,1000,1000,0.5
train/ID679913293.jpg,ID679913293.jpg,0.342674,1346,57,2000,1000,654,943,0.308361,500,0,1500,1000,1000,1000,0.5,996,0,1996,1000,1000,1000,0.5
train/ID681680726.jpg,ID681680726.jpg,0.375952,0,0,1753,1000,1753,1000,0.8765,500,0,1500,1000,1000,1000,0.5,0,0,1000,1000,1000,1000,0.5
train/ID684062938.jpg,ID684062938.jpg,0.380062,0,0,2000,1000,2000,1000,1.0,500,0,1500,1000,1000,1000,0.5,664,0,1664,1000,1000,1000,0.5
train/ID684383343.jpg,ID684383343.jpg,0.158367,47,0,384,280,337,280,0.04718,500,0,1500,1000,1000,1000,0.5,996,0,1996,1000,1000,1000,0.5
train/ID686797154.jpg,ID686797154.jpg,0.384645,26,0,1633,1000,1607,1000,0.8035,500,0,1500,1000,1000,1000,0.5,332,0,1332,1000,1000,1000,0.5
train/ID697059386.jpg,ID697059386.jpg,0.373754,200,94,1312,985,1112,891,0.495396,500,0,1500,1000,1000,1000,0.5,498,0,1498,1000,1000,1000,0.5
train/ID697718693.jpg,ID697718693.jpg,0.383466,0,76,1392,1000,1392,924,0.643104,500,0,1500,1000,1000,1000,0.5,0,0,1000,1000,1000,1000,0.5
train/ID698608346.jpg,ID698608346.jpg,0.3590495,0,40,1512,1000,1512,960,0.72576,500,0,1500,1000,1000,1000,0.5,332,0,1332,1000,1000,1000,0.5
train/ID706288721.jpg,ID706288721.jpg,0.383023,1029,0,2000,1000,971,1000,0.4855,500,0,1500,1000,1000,1000,0.5,996,0,1996,1000,1000,1000,0.5
train/ID710341728.jpg,ID710341728.jpg,0.382475,0,0,783,630,783,630,0.246645,500,0,1500,1000,1000,1000,0.5,0,0,1000,1000,1000,1000,0.5
train/ID71885430.jpg,ID71885430.jpg,0.3758595,0,0,1870,1000,1870,1000,0.935,500,0,1500,1000,1000,1000,0.5,830,0,1830,1000,1000,1000,0.5
train/ID72895391.jpg,ID72895391.jpg,0.385316,39,0,805,1000,766,1000,0.383,500,0,1500,1000,1000,1000,0.5,332,0,1332,1000,1000,1000,0.5
train/ID740402124.jpg,ID740402124.jpg,0.3848075,0,0,1288,859,1288,859,0.553196,500,0,1500,1000,1000,1000,0.5,0,0,1000,1000,1000,1000,0.5
train/ID742198710.jpg,ID742198710.jpg,0.379547,0,245,541,1000,541,755,0.2042275,500,0,1500,1000,1000,1000,0.5,0,0,1000,1000,1000,1000,0.5
train/ID743847993.jpg,ID743847993.jpg,0.3761815,0,250,1202,1000,1202,750,0.45075,500,0,1500,1000,1000,1000,0.5,0,0,1000,1000,1000,1000,0.5
train/ID746335827.jpg,ID746335827.jpg,0.378957,0,0,2000,1000,2000,1000,1.0,500,0,1500,1000,1000,1000,0.5,166,0,1166,1000,1000,1000,0.5
train/ID748979397.jpg,ID748979397.jpg,0.382469,768,0,1747,810,979,810,0.396495,500,0,1500,1000,1000,1000,0.5,664,0,1664,1000,1000,1000,0.5
train/ID750820644.jpg,ID750820644.jpg,0.3867605,359,0,1993,1000,1634,1000,0.817,500,0,1500,1000,1000,1000,0.5,996,0,1996,1000,1000,1000,0.5
train/ID751517087.jpg,ID751517087.jpg,0.3783945,0,140,659,1000,659,860,0.28337,500,0,1500,1000,1000,1000,0.5,0,0,1000,1000,1000,1000,0.5
train/ID753699705.jpg,ID753699705.jpg,0.380412,1404,0,2000,475,596,475,0.14155,500,0,1500,1000,1000,1000,0.5,332,0,1332,1000,1000,1000,0.5
train/ID755710743.jpg,ID755710743.jpg,0.381374,1053,521,2000,1000,947,479,0.2268065,500,0,1500,1000,1000,1000,0.5,0,0,1000,1000,1000,1000,0.5
train/ID761508093.jpg,ID761508093.jpg,0.371894,0,4,1226,1000,1226,996,0.610548,500,0,1500,1000,1000,1000,0.5,0,0,1000,1000,1000,1000,0.5
train/ID779628955.jpg,ID779628955.jpg,0.378523,470,0,1223,668,753,668,0.251502,500,0,1500,1000,1000,1000,0.5,498,0,1498,1000,1000,1000,0.5
train/ID7850481.jpg,ID7850481.jpg,0.380679,0,0,2000,1000,2000,1000,1.0,500,0,1500,1000,1000,1000,0.5,0,0,1000,1000,1000,1000,0.5
train/ID786365141.jpg,ID786365141.jpg,0.2811215,0,0,2000,1000,2000,1000,1.0,500,0,1500,1000,1000,1000,0.5,830,0,1830,1000,1000,1000,0.5
train/ID789169173.jpg,ID789169173.jpg,0.374612,0,0,1143,1000,1143,1000,0.5715,500,0,1500,1000,1000,1000,0.5,0,0,1000,1000,1000,1000,0.5
train/ID793526563.jpg,ID793526563.jpg,0.3772835,0,0,755,1000,755,1000,0.3775,500,0,1500,1000,1000,1000,0.5,0,0,1000,1000,1000,1000,0.5
train/ID797502182.jpg,ID797502182.jpg,0.2334625,261,0,731,543,470,543,0.127605,500,0,1500,1000,1000,1000,0.5,0,0,1000,1000,1000,1000,0.5
train/ID799079114.jpg,ID799079114.jpg,0.362493,0,0,1713,1000,1713,1000,0.8565,500,0,1500,1000,1000,1000,0.5,332,0,1332,1000,1000,1000,0.5
train/ID802547515.jpg,ID802547515.jpg,0.385085,1325,0,2000,1000,675,1000,0.3375,500,0,1500,1000,1000,1000,0.5,996,0,1996,1000,1000,1000,0.5
train/ID803479541.jpg,ID803479541.jpg,0.3238425,0,0,908,809,908,809,0.367286,500,0,1500,1000,1000,1000,0.5,0,0,1000,1000,1000,1000,0.5
train/ID808079729.jpg,ID808079729.jpg,0.3857285,790,209,1941,1000,1151,791,0.4552205,500,0,1500,1000,1000,1000,0.5,498,0,1498,1000,1000,1000,0.5
train/ID808093827.jpg,ID808093827.jpg,0.3812015,741,0,2000,975,1259,975,0.6137625,500,0,1500,1000,1000,1000,0.5,996,0,1996,1000,1000,1000,0.5
train/ID8209776.jpg,ID8209776.jpg,0.38067,353,0,1252,1000,899,1000,0.4495,500,0,1500,1000,1000,1000,0.5,498,0,1498,1000,1000,1000,0.5
train/ID828217731.jpg,ID828217731.jpg,0.3707045,0,0,1171,1000,1171,1000,0.5855,500,0,1500,1000,1000,1000,0.5,498,0,1498,1000,1000,1000,0.5
train/ID839432753.jpg,ID839432753.jpg,0.3870925,0,0,2000,1000,2000,1000,1.0,500,0,1500,1000,1000,1000,0.5,996,0,1996,1000,1000,1000,0.5
train/ID846154859.jpg,ID846154859.jpg,0.381285,480,0,1367,590,887,590,0.261665,500,0,1500,1000,1000,1000,0.5,664,0,1664,1000,1000,1000,0.5
train/ID846984946.jpg,ID846984946.jpg,0.0629685,631,280,915,580,284,300,0.0426,500,0,1500,1000,1000,1000,0.5,166,0,1166,1000,1000,1000,0.5
train/ID853954911.jpg,ID853954911.jpg,0.38007,332,0,1536,1000,1204,1000,0.602,500,0,1500,1000,1000,1000,0.5,498,0,1498,1000,1000,1000,0.5
train/ID866684633.jpg,ID866684633.jpg,0.341877,184,0,1762,1000,1578,1000,0.789,500,0,1500,1000,1000,1000,0.5,0,0,1000,1000,1000,1000,0.5
train/ID871463897.jpg,ID871463897.jpg,0.3847875,0,0,1392,1000,1392,1000,0.696,500,0,1500,1000,1000,1000,0.5,0,0,1000,1000,1000,1000,0.5
train/ID875119737.jpg,ID875119737.jpg,0.379396,322,0,2000,1000,1678,1000,0.839,500,0,1500,1000,1000,1000,0.5,664,0,1664,1000,1000,1000,0.5
train/ID885388135.jpg,ID885388135.jpg,0.392459,0,0,1395,1000,1395,1000,0.6975,500,0,1500,1000,1000,1000,0.5,166,0,1166,1000,1000,1000,0.5
train/ID896386823.jpg,ID896386823.jpg,0.375132,657,0,2000,1000,1343,1000,0.6715,500,0,1500,1000,1000,1000,0.5,996,0,1996,1000,1000,1000,0.5
train/ID900012207.jpg,ID900012207.jpg,0.3664205,567,0,1719,898,1152,898,0.517248,500,0,1500,1000,1000,1000,0.5,664,0,1664,1000,1000,1000,0.5
train/ID905397692.jpg,ID905397692.jpg,0.3748465,795,493,1366,1000,571,507,0.1447485,500,0,1500,1000,1000,1000,0.5,830,0,1830,1000,1000,1000,0.5
train/ID908524512.jpg,ID908524512.jpg,0.383433,244,0,1183,1000,939,1000,0.4695,500,0,1500,1000,1000,1000,0.5,498,0,1498,1000,1000,1000,0.5
train/ID914754166.jpg,ID914754166.jpg,0.1146455,1515,228,2000,491,485,263,0.0637775,500,0,1500,1000,1000,1000,0.5,830,0,1830,1000,1000,1000,0.5
train/ID930534670.jpg,ID930534670.jpg,0.340802,1038,324,1553,1000,515,676,0.17407,500,0,1500,1000,1000,1000,0.5,664,0,1664,1000,1000,1000,0.5
train/ID936984905.jpg,ID936984905.jpg,0.382421,0,0,1152,1000,1152,1000,0.576,500,0,1500,1000,1000,1000,0.5,0,0,1000,1000,1000,1000,0.5
train/ID94564238.jpg,ID94564238.jpg,0.385792,0,0,1591,1000,1591,1000,0.7955,500,0,1500,1000,1000,1000,0.5,166,0,1166,1000,1000,1000,0.5
train/ID950496197.jpg,ID950496197.jpg,0.3863465,0,356,2000,1000,2000,644,0.644,500,0,1500,1000,1000,1000,0.5,664,0,1664,1000,1000,1000,0.5
train/ID95050718.jpg,ID95050718.jpg,0.3044735,0,0,673,915,673,915,0.3078975,500,0,1500,1000,1000,1000,0.5,0,0,1000,1000,1000,1000,0.5
train/ID956512130.jpg,ID956512130.jpg,0.0144875,403,184,803,357,400,173,0.0346,500,0,1500,1000,1000,1000,0.5,332,0,1332,1000,1000,1000,0.5
train/ID963903358.jpg,ID963903358.jpg,0.3739895,277,0,1810,1000,1533,1000,0.7665,500,0,1500,1000,1000,1000,0.5,498,0,1498,1000,1000,1000,0.5
train/ID968643034.jpg,ID968643034.jpg,0.1033695,1512,519,2000,1000,488,481,0.117364,500,0,1500,1000,1000,1000,0.5,996,0,1996,1000,1000,1000,0.5
train/ID969218269.jpg,ID969218269.jpg,0.375752,0,0,1499,1000,1499,1000,0.7495,500,0,1500,1000,1000,1000,0.5,166,0,1166,1000,1000,1000,0.5
train/ID972274220.jpg,ID972274220.jpg,0.3520725,0,0,916,730,916,730,0.33434,500,0,1500,1000,1000,1000,0.5,996,0,1996,1000,1000,1000,0.5
train/ID975115267.jpg,ID975115267.jpg,0.3745325,0,77,1284,1000,1284,923,0.592566,500,0,1500,1000,1000,1000,0.5,0,0,1000,1000,1000,1000,0.5
train/ID978026131.jpg,ID978026131.jpg,0.383801,0,0,2000,1000,2000,1000,1.0,500,0,1500,1000,1000,1000,0.5,830,0,1830,1000,1000,1000,0.5
train/ID980538882.jpg,ID980538882.jpg,0.371322,0,0,1093,875,1093,875,0.4781875,500,0,1500,1000,1000,1000,0.5,0,0,1000,1000,1000,1000,0.5
train/ID980878870.jpg,ID980878870.jpg,0.371132,0,0,1895,1000,1895,1000,0.9475,500,0,1500,1000,1000,1000,0.5,332,0,1332,1000,1000,1000,0.5
train/ID983582017.jpg,ID983582017.jpg,0.378452,0,0,2000,1000,2000,1000,1.0,500,0,1500,1000,1000,1000,0.5,498,0,1498,1000,1000,1000,0.5
